magnitude,place,time,longitude,latitude,depth,risk_level
5.9,"264 km SSW of Severo-Kuril’sk, Russia",2026-10-06 16:48:21.805,154.8085,48.4554,26.05,High
5.5,"92 km NNW of Aleneva, Alaska",2026-10-06 18:34:31.760,-153.609,58.802,87.6,High
5.1,"34 km NNW of Bāgeshwar, India",2026-10-06 16:53:11.296,79.6148,30.1171,10.0,High
4.9,"55 km ESE of Kokopo, Papua New Guinea",2026-10-06 08:45:26.946,152.7519,-4.4773,20.64,Medium
4.9,"189 km SW of Abepura, Indonesia",2026-10-06 21:56:43.985,139.5723,-3.9438,80.2,Medium
4.9,"48 km NNE of Semporna, Malaysia",2026-10-06 13:11:22.577,118.8285,4.8667,10.0,Medium
4.9,South Sandwich Islands region,2026-10-07 04:39:26.324,-30.0294,-55.6737,10.0,Medium
4.9,"114 km SW of Turpan, China",2026-10-06 18:15:34.402,88.2203,42.2039,10.0,Medium
4.8,"57 km E of Petropavlovsk-Kamchatsky, Russia",2026-10-07 00:30:08.365,159.4666,52.9685,61.93,Medium
4.8,"85 km ENE of Shikotan, Russia",2026-10-06 17:47:04.306,147.7419,44.0053,35.0,Medium
4.8,"132 km ENE of Tadine, New Caledonia",2026-10-07 02:49:59.426,169.0011,-20.979,10.0,Medium
4.7,"Kermadec Islands, New Zealand",2026-10-06 22:12:46.267,-177.6188,-29.8721,71.25,Medium
4.7,Chagos Archipelago region,2026-10-06 15:12:09.822,72.295,-6.6864,10.0,Medium
4.6,"14 km NE of Mataram, Indonesia",2026-10-06 20:15:28.171,116.218,-8.4933,144.45,Medium
4.6,Kuril Islands,2026-10-07 01:39:05.561,153.3699,48.1853,108.74,Medium
4.5,"43 km WNW of Bengkulu, Indonesia",2026-10-06 19:01:59.145,101.8914,-3.6796,73.11,Medium
4.5,Kermadec Islands region,2026-10-06 13:26:22.092,178.7672,-30.8569,537.89,Medium
4.5,"37 km ESE of Iwaki, Japan",2026-10-07 00:22:41.953,141.2803,36.9504,52.67,Medium
4.4,"21 km SW of Roncesvalles, Colombia",2026-10-07 01:29:45.785,-75.74,3.8692,10.0,Medium
4.4,"50 km SW of Tambolaka, Indonesia",2026-10-06 12:40:23.290,118.9128,-9.7538,52.89,Medium
4.3,"297 km SSE of Tabiauan, Philippines",2026-10-06 19:59:15.341,122.6913,3.4637,563.47,Medium
4.2,"101 km ENE of Noda, Japan",2026-10-07 01:31:56.120,142.9402,40.4048,29.6,Medium
4.2,"27 km WSW of Fry, Greece",2026-10-06 23:50:36.679,26.6477,35.3207,10.0,Medium
4.2,"273 km SSW of Severo-Kuril’sk, Russia",2026-10-06 17:32:11.057,155.1033,48.3128,35.0,Medium
4.2,"296 km ENE of Dawson City, Canada",2026-10-06 19:08:40.492,-133.6639,65.0111,10.0,Medium
4.1,"19 km S of Yacuiba, Bolivia",2026-10-06 15:57:24.056,-63.6857,-22.196,525.78,Medium
3.9,"24 km WSW of Fry, Greece",2026-10-06 23:43:58.171,26.6588,35.3596,10.0,Medium
3.9,"209 km SSE of Atka, Alaska",2026-10-06 14:22:26.014,-172.833,50.5237,10.0,Medium
3.5,"198 km SE of Perryville, Alaska",2026-10-06 20:34:34.739,-156.832,54.711,32.8,Medium
3.45,"25 km WNW of Preston, Nevada",2026-10-06 15:34:29.755,-115.3385,38.9946,5.0,Medium
3.4,"160 km SW of Nikolski, Alaska",2026-10-06 20:32:59.569,-170.353,51.826,22.7,Medium
3.3,"19 km W of Preston, Nevada",2026-10-06 20:16:51.387,-115.2807,38.9003,3.62,Medium
3.1,"243 km SE of Chignik, Alaska",2026-10-07 06:03:51.815,-155.901,54.629,5.0,Medium
3.1,"5 km ESE of Wofford Heights, CA",2026-10-06 09:37:56.940,-118.4113,35.6843,4.3,Medium
3.1,"10 km SSW of Pa‘auilo, Hawaii",2026-10-06 22:30:03.880,-155.403,19.9548,11.07,Medium
3.07,"7 km NNW of Trujillo Alto, Puerto Rico",2026-10-06 15:42:06.800,-66.0447,18.4088,112.96,Medium
3.0,"197 km SE of Chiniak, Alaska",2026-10-06 20:36:34.972,-150.368,56.175,5.0,Medium
2.84,"11 km SE of Leilani Estates, Hawaii",2026-10-07 04:39:46.830,-154.8585,19.3873,6.88,Low
2.82,"10 km SSW of Pa‘auilo, Hawaii",2026-10-06 21:57:56.860,-155.408,19.9508,10.54,Low
2.81,"18 km W of Preston, Nevada",2026-10-06 17:43:42.249,-115.2731,38.9117,8.44,Low
2.7,"3 km SSW of La Playa, Puerto Rico",2026-10-07 00:24:31.740,-67.2012,18.2547,88.15,Low
2.7,"8 km ESE of Smiley, Texas",2026-10-06 12:25:46.949,-97.559,29.232,7.02,Low
2.6,"4 km NNW of Big Bear City, CA",2026-10-06 08:40:14.530,-116.8615,34.2938,4.05,Low
2.59,"8 km S of Pa‘auilo, Hawaii",2026-10-06 21:09:44.330,-155.3797,19.9615,6.74,Low
2.54,"10 km SSW of Pa‘auilo, Hawaii",2026-10-06 21:59:39.650,-155.3993,19.949,10.61,Low
2.5,"62 km ESE of Chignik, Alaska",2026-10-06 17:29:38.354,-157.483,56.065,26.1,Low
2.5,"128 km SW of Adak, Alaska",2026-10-06 18:17:15.628,-177.948,51.062,27.8,Low
2.5,"40 km E of Nikolski, Alaska",2026-10-06 18:53:23.676,-168.257,52.958,73.7,Low
2.5,"8 km E of Sterling, Alaska",2026-10-07 02:25:37.068,-150.615,60.543,43.5,Low
2.5,"161 km ESE of Chignik, Alaska",2026-10-06 22:33:02.530,-155.98,55.772,41.1,Low
2.46,"8 km SSE of Waikoloa, Hawaii",2026-10-07 02:42:59.880,-155.7528,19.8677,1.85,Low
2.42,"6 km SE of Napa, CA",2026-10-06 17:47:38.060,-122.2485,38.257,-0.14,Low
2.4,"72 km WNW of Petersville, Alaska",2026-10-06 11:54:11.154,-152.013,62.794,0.5,Low
2.4,"57 km S of Whites City, New Mexico",2026-10-06 13:10:53.319,-104.417,31.662,6.1,Low
2.4,"91 km ESE of Adak, Alaska",2026-10-06 21:28:22.357,-175.465,51.493,60.4,Low
2.37,"10 km SSW of Pa‘auilo, Hawaii",2026-10-06 21:48:09.880,-155.4098,19.957,9.91,Low
2.3,"57 km S of Whites City, New Mexico",2026-10-06 13:16:12.937,-104.417,31.66,6.1,Low
2.3,"6 km SSW of Salcha, Alaska",2026-10-06 14:51:28.863,-146.956,64.471,6.0,Low
2.3,"27 km WSW of Susitna, Alaska",2026-10-06 21:54:50.772,-150.947,61.406,61.1,Low
2.27,"10 km SSW of Pa‘auilo, Hawaii",2026-10-06 21:53:06.660,-155.4082,19.9492,8.66,Low
2.2,"56 km S of Whites City, New Mexico",2026-10-06 15:01:40.744,-104.419,31.665,6.1,Low
2.2,"25 km NNW of Petersville, Alaska",2026-10-07 01:15:35.769,-151.033,62.688,93.1,Low
2.2,"38 km NE of Chase, Alaska",2026-10-06 10:56:30.888,-149.675,62.738,72.0,Low
2.2,"64 km NW of Skwentna, Alaska",2026-10-06 12:58:24.747,-152.123,62.465,117.5,Low
2.2,"8 km W of Willow, Alaska",2026-10-06 14:19:38.953,-150.188,61.739,5.0,Low
2.2,"36 km NNW of Aleneva, Alaska",2026-10-07 05:30:18.017,-153.082,58.373,61.3,Low
2.19,"11 km SE of Mammoth Lakes, CA",2026-10-07 04:56:04.760,-118.8828,37.579,3.0,Low
2.17,"26 km NNW of Pāhala, Hawaii",2026-10-06 23:13:26.040,-155.596,19.4195,42.98,Low
2.14,"7 km SSW of Dunlap, Tennessee",2026-10-06 10:05:40.470,-85.4117,35.303,20.57,Low
2.13,"4 km N of Fontana, CA",2026-10-07 00:41:20.940,-117.4572,34.1293,9.4,Low
2.1,"51 km WSW of Cantwell, Alaska",2026-10-06 13:35:38.579,-149.832,63.155,95.6,Low
2.1,"51 km WSW of Salamatof, Alaska",2026-10-06 09:45:31.781,-152.229,60.52,110.2,Low
2.09,"13 km SSW of Volcano, Hawaii",2026-10-07 01:50:11.120,-155.2943,19.3347,32.01,Low
2.05,"8 km NW of The Geysers, CA",2026-10-07 05:49:18.820,-122.8328,38.8173,8.87,Low
2.05,"6 km SSE of Ponce, Puerto Rico",2026-10-06 19:14:45.910,-66.6017,17.9592,14.47,Low
2.01,"2 km E of Tracyton, Washington",2026-10-06 14:19:40.550,-122.6215,47.6053,23.1,Low
2.0,"48 km NE of Pedro Bay, Alaska",2026-10-07 00:51:17.578,-153.413,60.042,172.1,Low
2.0,"74 km SE of Denali National Park, Alaska",2026-10-07 01:08:13.711,-150.487,63.166,112.7,Low
2.0,"61 km S of Whites City, New Mexico",2026-10-06 20:39:30.967,-104.476,31.631,7.57,Low
2.0,"23 km SSE of Twentynine Palms, CA",2026-10-06 14:22:50.180,-116.0103,33.9337,1.09,Low
2.0,"45 km SW of Cantwell, Alaska",2026-10-06 19:38:37.032,-149.701,63.159,85.2,Low
2.0,"103 km NNW of Yakutat, Alaska",2026-10-06 20:13:36.408,-140.673,60.348,0.2,Low
2.0,"84 km SE of Ugashik, Alaska",2026-10-07 01:45:02.706,-156.231,57.086,11.0,Low
1.98,"26 km W of Wainaku, Hawaii",2026-10-06 21:48:43.060,-155.3448,19.727,0.39,Low
1.9,"42 km SE of Denali National Park, Alaska",2026-10-06 20:54:00.061,-151.099,63.277,5.0,Low
1.9,"28 km SSW of Skwentna, Alaska",2026-10-06 13:46:12.571,-151.7,61.775,89.7,Low
1.9,"90 km SE of Kokhanok, Alaska",2026-10-06 18:55:28.978,-153.758,58.82,83.6,Low
1.9,"30 km NNW of Valdez, Alaska",2026-10-06 21:09:07.967,-146.555,61.386,18.7,Low
1.9,"48 km ENE of Ouzinkie, Alaska",2026-10-07 01:34:50.429,-151.719,58.041,25.8,Low
1.9,"15 km SSW of Point Possession, Alaska",2026-10-06 15:45:11.316,-150.754,60.79,60.4,Low
1.9,"11 km ENE of Pāhala, Hawaii",2026-10-06 20:49:47.820,-155.3855,19.2497,34.13,Low
1.89,"14 km ENE of Ocotillo, CA",2026-10-06 09:20:06.730,-115.8495,32.7785,2.55,Low
1.88,"12 km NNE of Pāhala, Hawaii",2026-10-06 15:53:25.130,-155.4265,19.305,28.69,Low
1.85,"19 km SW of Toms Place, CA",2026-10-06 19:44:10.140,-118.834,37.4415,-0.52,Low
1.84,"2 km E of Tracyton, Washington",2026-10-06 08:36:29.840,-122.6227,47.6078,25.22,Low
1.83,"19 km WNW of Boulder Creek, CA",2026-10-07 00:26:29.290,-122.3048,37.2177,4.74,Low
1.83,"21 km W of Preston, Nevada",2026-10-06 22:03:55.222,-115.3105,38.9424,7.02,Low
1.82,"20 km E of Castle Rock, Washington",2026-10-06 19:59:38.820,-122.6435,46.2477,16.52,Low
1.8,"6 km SW of Salcha, Alaska",2026-10-06 16:20:09.232,-146.978,64.476,6.5,Low
1.8,"12 km WSW of Stanton, Texas",2026-10-06 10:04:27.359,-101.92,32.105,9.5,Low
1.8,"17 km S of Kokhanok, Alaska",2026-10-06 18:14:30.557,-154.782,59.279,7.0,Low
1.8,"44 km SSW of Skwentna, Alaska",2026-10-06 18:11:07.851,-151.618,61.604,86.4,Low
1.8,"94 km SE of Kokhanok, Alaska",2026-10-06 19:21:53.567,-153.693,58.804,85.6,Low
1.8,"23 km SE of Clam Gulch, Alaska",2026-10-06 19:26:27.502,-151.112,60.078,52.5,Low
1.8,"25 km SW of Eielson Air Force Base, Alaska",2026-10-06 19:41:31.621,-147.472,64.515,0.4,Low
1.76,"15 km SSW of Volcano, Hawaii",2026-10-07 01:55:35.540,-155.2743,19.3072,32.55,Low
1.75,"13 km ESE of Pāhala, Hawaii",2026-10-06 21:27:27.050,-155.3668,19.1405,26.82,Low
1.73,"2 km SSE of Los Altos Hills, CA",2026-10-06 17:25:15.150,-122.1233,37.3623,2.85,Low
1.72,"24 km ENE of Pine Valley, CA",2026-10-07 04:09:53.690,-116.3032,32.9318,10.55,Low
1.7,"37 km ENE of Lucerne Valley, CA",2026-10-06 22:13:07.170,-116.6188,34.6102,7.82,Low
1.7,"5 km NNE of Kalifornsky, Alaska",2026-10-07 00:40:16.829,-151.266,60.466,56.8,Low
1.7,"74 km ESE of Lime Village, Alaska",2026-10-06 14:40:01.763,-154.073,61.229,11.7,Low
1.7,"74 km ENE of Lime Village, Alaska",2026-10-06 13:13:37.302,-154.166,61.639,4.6,Low
1.7,"36 km NNE of Karluk, Alaska",2026-10-06 12:20:07.339,-154.226,57.876,57.8,Low
1.7,"58 km S of Whites City, New Mexico",2026-10-06 14:01:08.509,-104.442,31.648,7.54,Low
1.7,"55 km W of Anchor Point, Alaska",2026-10-06 13:28:40.753,-152.801,59.71,87.5,Low
1.7,"50 km NNE of Karluk, Alaska",2026-10-07 00:47:10.514,-154.129,57.984,62.2,Low
1.7,"9 km WNW of Point MacKenzie, Alaska",2026-10-06 20:44:34.392,-150.129,61.408,38.5,Low
1.7,"65 km WNW of Ninilchik, Alaska",2026-10-07 05:43:32.340,-152.815,60.171,105.6,Low
1.7,"27 km S of Eureka Roadhouse, Alaska",2026-10-06 23:07:13.366,-147.179,61.691,20.4,Low
1.67,"30 km NW of Covelo, CA",2026-10-07 04:10:07.250,-123.447,40.0177,8.08,Low
1.65,"27 km NNW of Huntington, Oregon",2026-10-06 17:33:37.990,-117.4503,44.565,-1.43,Low
1.65,"23 km W of Volcano, Hawaii",2026-10-06 12:51:54.300,-155.4515,19.4788,-0.41,Low
1.63,"11 km ENE of Pāhala, Hawaii",2026-10-06 22:26:52.970,-155.3855,19.2522,33.31,Low
1.63,"10 km W of Davis, Oklahoma",2026-10-06 20:00:11.960,-97.2328,34.5077,0.0,Low
1.61,"5 km NNW of South Bend, Washington",2026-10-06 21:59:31.190,-123.821,46.7135,-0.09,Low
1.61,"64 km NNE of Rachel, Nevada",2026-10-06 07:42:28.029,-115.5199,38.2028,10.45,Low
1.61,"4 km ENE of Rancho San Diego, CA",2026-10-06 21:30:17.850,-116.8998,32.7617,4.42,Low
1.6,"27 km SW of Susitna, Alaska",2026-10-06 20:42:27.455,-150.934,61.408,64.2,Low
1.6,"8 km NW of Four Mile Road, Alaska",2026-10-06 21:07:20.129,-149.244,64.66,16.2,Low
1.6,"10 km WSW of Trapper Creek, Alaska",2026-10-07 03:50:26.630,-150.397,62.267,59.4,Low
1.6,"26 km SSW of Susitna, Alaska",2026-10-06 21:34:04.125,-150.682,61.322,58.4,Low
1.6,"15 km N of Skwentna, Alaska",2026-10-06 08:57:54.813,-151.436,62.124,83.4,Low
1.6,"98 km NE of Lime Village, Alaska",2026-10-07 03:16:01.073,-154.077,61.966,2.4,Low
1.56,"35 km SE of Mina, Nevada",2026-10-06 16:22:15.111,-117.8328,38.1532,1.08,Low
1.56,"16 km WNW of Orangeville, Utah",2026-10-06 19:13:37.600,-111.2178,39.3083,-1.55,Low
1.54,"9 km E of Borrego Springs, CA",2026-10-06 12:04:27.560,-116.2775,33.2527,11.68,Low
1.54,"11 km SSE of Fern Forest, Hawaii",2026-10-06 22:44:42.780,-155.0835,19.3748,7.89,Low
1.52,"6 km WNW of Cobb, CA",2026-10-06 17:46:15.320,-122.794,38.836,2.08,Low
1.52,"51 km S of Silver Peak, Nevada",2026-10-06 19:18:58.551,-117.6035,37.2874,7.9,Low
1.51,"21 km S of Bodfish, CA",2026-10-07 02:34:03.700,-118.4557,35.406,1.88,Low
1.5,"13 km W of Stanton, Texas",2026-10-06 14:06:45.012,-101.928,32.107,9.3,Low
1.5,"61 km N of Larsen Bay, Alaska",2026-10-06 13:02:34.616,-153.96,58.093,10.9,Low
1.5,"61 km SE of Pedro Bay, Alaska",2026-10-06 15:38:28.070,-153.454,59.347,28.7,Low
1.5,"4 km SW of Willow, Alaska",2026-10-06 09:22:50.017,-150.087,61.714,6.3,Low
1.5,"33 km SE of Malaga, New Mexico",2026-10-06 17:34:03.781,-103.837,32.002,6.47,Low
1.5,"5 km SE of Coalinga, CA",2026-10-07 05:01:13.200,-120.315,36.1155,11.95,Low
1.48,"25 km ENE of Pine Valley, CA",2026-10-06 20:57:14.000,-116.3005,32.934,10.8,Low
1.45,"14 km NE of Milford, Utah",2026-10-06 14:52:20.340,-112.9063,38.4932,3.95,Low
1.44,"15 km SE of Anza, CA",2026-10-06 14:43:35.230,-116.5537,33.4685,11.73,Low
1.41,"11 km NE of Abbotsford, Canada",2026-10-06 22:30:08.220,-122.1377,49.1307,-0.66,Low
1.4,"43 km SSE of Nelchina, Alaska",2026-10-06 11:26:00.570,-146.413,61.639,36.1,Low
1.4,"92 km SE of Kokhanok, Alaska",2026-10-06 22:10:39.753,-153.829,58.765,89.0,Low
1.4,"28 km W of Manley Hot Springs, Alaska",2026-10-06 09:10:21.532,-151.242,64.993,5.0,Low
1.4,"13 km W of Stanton, Texas",2026-10-06 18:05:19.510,-101.931,32.11,8.47,Low
1.4,"38 km NW of Karluk, Alaska",2026-10-06 23:37:37.577,-154.982,57.776,81.2,Low
1.4,"83 km W of Karluk, Alaska",2026-10-06 16:17:38.572,-155.842,57.628,17.7,Low
1.38,"8 km SE of Valle Vista, CA",2026-10-06 07:14:59.280,-116.8293,33.7025,15.74,Low
1.38,"5 km ENE of Drumright, Oklahoma",2026-10-06 17:31:33.880,-96.5402,36.0085,0.0,Low
1.38,"24 km S of Twentynine Palms, CA",2026-10-07 03:40:11.130,-116.0445,33.9193,0.56,Low
1.37,"5 km NNE of Calexico, CA",2026-10-06 12:09:14.250,-115.4722,32.719,10.97,Low
1.36,"6 km NW of The Geysers, CA",2026-10-06 18:22:41.950,-122.8082,38.8122,3.26,Low
1.36,"6 km NW of The Geysers, CA",2026-10-07 04:48:58.900,-122.7978,38.822,2.27,Low
1.36,"9 km WNW of Anza, CA",2026-10-07 06:27:34.020,-116.7697,33.578,12.3,Low
1.34,"9 km N of Cabazon, CA",2026-10-07 01:47:51.630,-116.798,34.0017,17.57,Low
1.34,"16 km NE of Little Lake, CA",2026-10-06 10:12:34.910,-117.7713,36.0245,1.52,Low
1.34,"10 km SSW of Pa‘auilo, Hawaii",2026-10-06 21:36:02.960,-155.4193,19.9608,8.18,Low
1.33,"5 km NNW of West Hills, CA",2026-10-07 04:31:23.840,-118.6643,34.2347,15.41,Low
1.32,"6 km ESE of Chula Vista, CA",2026-10-06 22:59:15.560,-116.9842,32.6092,3.0,Low
1.3,"15 km NNW of Ivanof Bay, Alaska",2026-10-06 12:53:03.791,-159.548,56.036,5.0,Low
1.3,"35 km W of Ester, Alaska",2026-10-06 07:01:14.524,-148.748,64.885,11.9,Low
1.3,"57 km WNW of Karluk, Alaska",2026-10-06 21:33:18.447,-155.355,57.761,77.5,Low
1.3,"91 km NNW of Karluk, Alaska",2026-10-06 21:01:25.033,-154.811,58.366,107.5,Low
1.28,"10 km WNW of Cobb, CA",2026-10-07 00:23:43.570,-122.831,38.8487,0.66,Low
1.27,"7 km NW of The Geysers, CA",2026-10-06 11:23:31.460,-122.8133,38.8182,2.83,Low
1.25,"9 km WNW of Manti, Utah",2026-10-06 22:49:57.360,-111.7303,39.3047,14.02,Low
1.25,"6 km WNW of Cobb, CA",2026-10-07 02:24:05.930,-122.7855,38.8358,2.19,Low
1.22,"9 km W of Cobb, CA",2026-10-06 21:45:17.200,-122.8217,38.837,1.37,Low
1.21,"3 km NNE of Thatcher, Utah",2026-10-06 21:36:54.420,-112.2827,41.7227,4.83,Low
1.21,"55 km S of Kingston, Nevada",2026-10-06 21:16:48.068,-117.113,38.7078,0.0,Low
1.2,"13 km ESE of Talkeetna, Alaska",2026-10-07 04:24:04.959,-149.874,62.281,16.9,Low
1.2,"2 km N of The Geysers, CA",2026-10-06 07:42:04.710,-122.7585,38.7937,0.47,Low
1.2,"97 km WNW of Aleneva, Alaska",2026-10-06 19:18:33.306,-154.305,58.536,5.0,Low
1.19,"64 km W of Nikolski, Alaska",2026-10-06 22:44:19.120,-169.8085,52.8553,-0.85,Low
1.16,"2 km SW of Ashford, Washington",2026-10-06 15:25:35.780,-122.0553,46.7413,3.75,Low
1.15,"3 km NE of Pāhala, Hawaii",2026-10-06 15:52:44.750,-155.4547,19.2185,8.94,Low
1.12,"7 km ESE of Cloverdale, CA",2026-10-06 19:41:48.190,-122.9402,38.7922,3.86,Low
1.12,"28 km NW of Searles Valley, CA",2026-10-06 16:03:28.640,-117.5892,35.9705,4.75,Low
1.12,"5 km NW of Boron, CA",2026-10-06 23:24:06.760,-117.6822,35.0318,-0.18,Low
1.1,"11 km NW of Four Mile Road, Alaska",2026-10-06 20:08:43.291,-149.323,64.664,16.7,Low
1.1,"6 km NE of Magna, Utah",2026-10-06 20:40:14.640,-112.046,40.7523,7.73,Low
1.1,"56 km W of Salamatof, Alaska",2026-10-06 13:44:28.052,-152.35,60.615,89.0,Low
1.1,"49 km NE of Kenny Lake, Alaska",2026-10-06 08:20:44.238,-144.219,61.997,14.8,Low
1.1,"9 km ESE of Smiley, Texas",2026-10-06 12:24:50.396,-97.553,29.231,8.99,Low
1.07,"4 km SE of Loma Linda, CA",2026-10-06 17:33:12.060,-117.2305,34.0288,16.39,Low
1.06,"6 km WNW of The Geysers, CA",2026-10-06 09:21:51.810,-122.8105,38.8032,0.78,Low
1.05,"7 km WNW of The Geysers, CA",2026-10-06 15:30:01.220,-122.8273,38.8102,1.64,Low
1.05,"8 km W of Cobb, CA",2026-10-07 03:24:09.680,-122.8087,38.8347,2.32,Low
1.03,"5 km ESE of Wofford Heights, CA",2026-10-06 10:20:01.130,-118.4095,35.6838,4.01,Low
1.02,"6 km NNW of The Geysers, CA",2026-10-06 18:29:47.760,-122.793,38.82,3.39,Low
1.02,"14 km W of Akutan, Alaska",2026-10-06 09:26:14.860,-165.9865,54.112,6.91,Low
1.0,"58 km W of Anchor Point, Alaska",2026-10-06 19:11:21.577,-152.854,59.865,96.6,Low
1.0,"72 km WNW of Tyonek, Alaska",2026-10-07 02:30:23.209,-152.446,61.222,14.7,Low
0.99,"10 km WNW of Cobb, CA",2026-10-06 09:35:41.830,-122.8247,38.8607,0.61,Low
0.97,"5 km SE of Lytle Creek, CA",2026-10-06 22:10:28.380,-117.464,34.2233,11.47,Low
0.96,"3 km WNW of Anderson Springs, CA",2026-10-07 05:22:03.860,-122.7233,38.7845,1.56,Low
0.96,"2 km N of The Geysers, CA",2026-10-06 08:05:35.560,-122.7602,38.7933,0.53,Low
0.95,"67 km W of Nikolski, Alaska",2026-10-06 08:03:12.650,-169.8553,52.8577,9.25,Low
0.95,"12 km SSE of Big Bear Lake, CA",2026-10-07 03:04:40.780,-116.8777,34.1385,8.58,Low
0.94,"22 km N of Ridgecrest, CA",2026-10-07 03:03:29.450,-117.6673,35.8223,8.06,Low
0.92,"9 km NW of Parkfield, CA",2026-10-06 14:14:02.170,-120.5057,35.9515,10.11,Low
0.9,"64 km NW of Ninilchik, Alaska",2026-10-06 11:12:01.058,-152.478,60.471,96.9,Low
0.9,"36 km NE of Adak, Alaska",2026-10-06 18:33:11.530,-176.1962,52.066,4.31,Low
0.87,"6 km WNW of Cobb, CA",2026-10-06 18:37:50.350,-122.785,38.8375,2.37,Low
0.86,"3 km N of Enetai, Washington",2026-10-06 15:20:28.470,-122.605,47.6153,21.59,Low
0.85,"12 km NW of Coso Junction, CA",2026-10-06 08:17:08.500,-118.0442,36.126,1.22,Low
0.84,"2 km S of Loma Linda, CA",2026-10-07 06:43:01.950,-117.2638,34.0282,16.63,Low
0.83,"5 km ESE of Wofford Heights, CA",2026-10-06 09:37:44.680,-118.4075,35.6903,4.2,Low
0.83,"10 km ESE of Mammoth Lakes, CA",2026-10-07 04:58:05.290,-118.882,37.5873,2.91,Low
0.8,"50 km NE of Kenny Lake, Alaska",2026-10-06 08:21:34.543,-144.216,62.005,13.9,Low
0.8,"13 km WSW of Stanton, Texas",2026-10-06 10:14:00.470,-101.924,32.105,8.81,Low
0.79,"9 km SW of Idyllwild, CA",2026-10-07 03:06:17.120,-116.7968,33.687,14.95,Low
0.79,"12 km WNW of The Geysers, CA",2026-10-06 07:01:57.690,-122.8717,38.8307,2.71,Low
0.78,"13 km NW of The Geysers, CA",2026-10-06 07:32:47.070,-122.8763,38.8417,2.63,Low
0.77,"6 km WNW of The Geysers, CA",2026-10-06 09:13:19.420,-122.8112,38.8033,0.74,Low
0.76,"9 km SW of Idyllwild, CA",2026-10-07 03:05:00.600,-116.7987,33.6863,15.13,Low
0.75,"4 km NNW of The Geysers, CA",2026-10-06 12:15:11.350,-122.7743,38.8083,2.02,Low
0.74,"5 km NW of The Geysers, CA",2026-10-07 00:28:33.470,-122.7927,38.816,3.14,Low
0.74,"2 km NNW of The Geysers, CA",2026-10-07 05:54:45.050,-122.7638,38.7982,3.57,Low
0.73,"3 km W of Cobb, CA",2026-10-07 01:28:12.260,-122.7627,38.8207,2.21,Low
0.73,"7 km NW of The Geysers, CA",2026-10-07 00:41:17.890,-122.8132,38.8172,2.94,Low
0.72,"8 km NW of The Geysers, CA",2026-10-06 23:23:13.750,-122.8185,38.8307,1.72,Low
0.71,"7 km NW of Palomar Observatory, CA",2026-10-06 19:25:18.480,-116.922,33.3927,13.91,Low
0.7,"14 km NE of Milford, Utah",2026-10-06 15:00:42.010,-112.905,38.4983,4.18,Low
0.7,"6 km NW of The Geysers, CA",2026-10-07 04:49:18.210,-122.797,38.8222,2.71,Low
0.7,"3 km S of Palomar Observatory, CA",2026-10-06 17:19:19.540,-116.8638,33.329,9.72,Low
0.65,"8 km NW of The Geysers, CA",2026-10-07 06:46:26.970,-122.8187,38.8313,1.32,Low
0.64,"8 km NW of The Geysers, CA",2026-10-07 06:46:46.380,-122.8187,38.832,2.13,Low
0.64,"9 km NNE of Indio, CA",2026-10-07 06:50:59.880,-116.1633,33.7902,8.24,Low
0.6,"56 km WNW of Ninilchik, Alaska",2026-10-06 09:41:42.508,-152.627,60.21,99.6,Low
0.6,"86 km NW of Karluk, Alaska",2026-10-06 09:51:27.889,-155.373,58.172,5.0,Low
0.6,"69 km WNW of Ninilchik, Alaska",2026-10-06 07:08:04.103,-152.78,60.343,41.5,Low
0.6,"98 km ESE of King Salmon, Alaska",2026-10-06 19:12:56.384,-155.014,58.499,5.0,Low
0.58,"14 km NW of Parkfield, CA",2026-10-06 18:32:48.270,-120.5403,35.9853,0.98,Low
0.57,"21 km ESE of Castle Rock, Washington",2026-10-06 22:03:58.380,-122.6383,46.2367,17.44,Low
0.47,"3 km WSW of Hebgen Lake Estates, Montana",2026-10-06 14:40:10.230,-111.2328,44.755,11.44,Low
0.46,"5 km N of Big Bear City, CA",2026-10-06 08:49:45.480,-116.8485,34.3065,5.06,Low
0.45,"9 km WNW of The Geysers, CA",2026-10-07 03:38:01.410,-122.852,38.819,2.77,Low
0.43,"16 km SSW of Little Lake, CA",2026-10-06 16:43:04.600,-117.9455,35.7965,2.11,Low
0.4,"58 km WNW of Tyonek, Alaska",2026-10-06 21:18:55.181,-152.162,61.245,32.1,Low
0.4,"4 km SSW of Ashford, Washington",2026-10-06 10:55:23.990,-122.0575,46.7253,2.83,Low
0.39,"43 km ENE of Adak, Alaska",2026-10-06 15:51:17.070,-176.0995,52.0845,11.18,Low
0.27,"11 km NW of The Geysers, CA",2026-10-06 17:25:18.400,-122.8473,38.8463,3.42,Low
0.27,"9 km WSW of Corona, CA",2026-10-06 19:45:25.300,-117.6495,33.8258,5.6,Low
0.27,"6 km WNW of Cobb, CA",2026-10-06 13:20:38.850,-122.7843,38.8363,1.85,Low
0.26,"60 km WNW of Ninilchik, Alaska",2026-10-06 23:12:14.260,-152.6013,60.334,11.81,Low
0.21,"8 km WNW of Cobb, CA",2026-10-07 05:12:40.810,-122.8102,38.8362,2.07,Low
0.12,"81 km NNW of Karluk, Alaska",2026-10-06 18:01:07.200,-154.8998,58.26,5.05,Low
0.07,"38 km NNE of Amboy, Washington",2026-10-06 15:31:40.280,-122.1898,46.2038,2.53,Low
-0.31,"91 km NNW of Karluk, Alaska",2026-10-06 18:51:04.010,-154.8972,58.3522,5.57,Low
-0.37,"62 km ENE of Pedro Bay, Alaska",2026-10-06 23:55:26.290,-153.091,60.024,-2.21,Low
-0.44,"86 km NW of Karluk, Alaska",2026-10-06 13:24:42.310,-155.3583,58.1755,0.8,Low
-0.55,"57 km WNW of Beluga, Alaska",2026-10-06 15:20:40.250,-152.0967,61.3192,3.17,Low
-0.55,"62 km ENE of Pedro Bay, Alaska",2026-10-06 10:05:46.950,-153.127,60.0603,1.75,Low
-0.59,"48 km NE of Kenny Lake, Alaska",2026-10-06 08:27:00.910,-144.2122,61.9782,5.74,Low
-0.59,"48 km NE of Kenny Lake, Alaska",2026-10-06 08:29:28.060,-144.212,61.9785,6.22,Low
-0.68,"65 km ENE of Pedro Bay, Alaska",2026-10-06 19:58:05.480,-153.0873,60.0765,3.87,Low
-0.75,"68 km ENE of Pedro Bay, Alaska",2026-10-06 18:48:51.770,-153.0073,60.0667,4.6,Low
-0.76,"63 km ENE of Pedro Bay, Alaska",2026-10-06 09:24:18.960,-153.0887,60.0458,0.14,Low
-0.8,"75 km NW of Ninilchik, Alaska",2026-10-06 18:27:15.370,-152.7035,60.4922,-2.0,Low
-0.88,"64 km ENE of Pedro Bay, Alaska",2026-10-06 11:32:06.540,-153.0688,60.041,0.65,Low
-0.93,"61 km ENE of Pedro Bay, Alaska",2026-10-06 12:49:00.240,-153.0962,60.012,1.36,Low
-0.95,"65 km ENE of Pedro Bay, Alaska",2026-10-06 13:21:49.400,-153.0745,60.063,1.97,Low
-1.14,"61 km ENE of Pedro Bay, Alaska",2026-10-06 16:33:45.650,-153.1077,60.0087,-2.01,Low
-1.16,"64 km ENE of Pedro Bay, Alaska",2026-10-06 16:03:37.990,-153.0832,60.0487,-1.03,Low
-1.16,"61 km ENE of Pedro Bay, Alaska",2026-10-06 13:06:20.810,-153.1003,60.0048,0.29,Low
